title,price,rating,reviews,availability,brand,category,off,bought
"Lenovo V15 G4 AMD Ryzen 5 7520U 15.6 inch FHD Thin & Lite Laptop, AMD Graphics, 16GB DDR5 5500Mhz Ram, 512GB SSD NVMe, Windows 11, Dolby Audio, Arctic Grey, 1 Year Onsite Brand Warranty","34,990.00",3.0 out of 5 stars,1 rating,In stock,Lenovo,Laptop,-42%,Not Available
"Apple 2025 MacBook Air (13-inch, Apple M4 chip with 10-core CPU and 8-core GPU, 16GB Unified Memory, 256GB) - Starlight","99,900.00",Previous page,,In stock,Apple,Laptop,Not Available,Not Available
"Lenovo V15 G3 (2024), Intel Core i3 12th Gen 1215U - (16GB/512GB SSD/Intel UHD Graphics/Windows 11 Pro) Thin and Light Business Laptop/15.6"" FHD Display/Iron Grey/1.7 kg/MS Office 2021 Pro Plus","32,980.00",4.2 out of 5 stars,4 ratings,In stock,Lenovo,Laptop,-60%,50+ bought in past month
"Acer Aspire Lite, AMD Ryzen 5 5625U Processor(16GB RAM/512GB SSD) Full HD, 15.6""/39.62cm, Windows 11 Home, Steel Gray, 1.59KG, AL15-41, Premium Metal Body, Thin and Light Laptop","34,490.00",4.0 out of 5 stars,"1,121 ratings",In stock,acer,Laptop,-42%,1K+ bought in past month
"Lᥱnovo ThinkPad Touch Screen T490 Laptop Intᥱl Core i7 8th Gen 14-inch Full HD Thin and Light (512GB SSD/16GB RAM/Win 10 pro), (Rᥱfurbishᥱd) Black","22,990.00",Previous page,,In stock,Generic,Laptop,-8%,Not Available
"Lenovo V15 Thin & Light Laptop, 15.6"" FHD Display, Intel Core i5 12th Gen (1235U), 16GB DDR4 RAM, 512GB SSD, Webcam, HDMI, Wi-Fi-6, Windows 11, Intel Iris Xe Graphics, Black,1 Year Brand Warranty","43,490.00",3.9 out of 5 stars,9 ratings,In stock,Lenovo,Laptop,-56%,50+ bought in past month
"JioBook 11 with Lifetime Office/Android 4G Laptop Mediatek 8788 (JioOS) / Octa-core/ 4GB RAM / 64 eMMC Storage/Thin and Light Laptop (11.6 inch, 990 Grams)/ Dual Band WiFi + SIM/Blue","12,990.00",3.0 out of 5 stars,345 ratings,In stock,Jio,Laptop,-48%,100+ bought in past month
"Lenovo V14 G3 14"" FHD Laptop, Intel Core i5-1235U, 16GB DDR4 RAM, 512GB SSD, Intel Iris Xe Graphics, Windows 11, Ms-Office Lifetime Validity, Iron Grey,1.6kg, 1 Year Onsite Brand Warranty","37,970.00",3.0 out of 5 stars,3 ratings,In stock,Lenovo,Laptop,-14%,200+ bought in past month
"HP 15s,12th Gen Intel Core i3-1215U, 8GB DDR4, 512 GB SSD(Win 11, Office 21, Silver, 1.69kg), Anti-Glare, 15.6inch(39.6Cm), FHD Laptop, Intel UHD Graphics, Dual Speakers, HD Camera, fy5006tu","33,999.00",4.2 out of 5 stars,705 ratings,In stock,HP,Laptop,-33%,500+ bought in past month
"Acer Aspire 3, Intel Celeron N4500 Processor(8GBRAM /512GB SSD) HD, 15.6""/39.62cm, Windows 11 Home, Pure Silver, 1.5KG, A325-45 Thin and Light Laptop","23,990.00",3.4 out of 5 stars,269 ratings,In stock,acer,Laptop,-29%,200+ bought in past month
"Apple 2025 MacBook Air (15-inch, Apple M4 chip with 10-core CPU and 10-core GPU, 24GB Unified Memory, 512GB) - Silver","1,64,900.00",Previous page,,Only 2 left in stock.,Apple,Laptop,Not Available,Not Available
"Apple 2025 MacBook Air (13-inch, Apple M4 chip with 10-core CPU and 8-core GPU, 16GB Unified Memory, 256GB) - Sky Blue","99,900.00",5.0 out of 5 stars,1 rating,In stock,Apple,Laptop,Not Available,Not Available
"HP 255 G10 AMD Ryzen 5 Quad Core 7520U 2.8Ghz Upto 4.3Ghz - (8 GB/512 GB SSD) 255 G10 Thin and Light Laptop (15.6 inch, Matt Silver, 1.45 kg)","29,928.00",3.1 out of 5 stars,19 ratings,In stock,HP,Laptop,-29%,100+ bought in past month
"Acer [Smartchoice Aspire Lite AMD Ryzen 3 5300U Premium Thin and Light Laptop (Windows 11 Home/8 GB RAM/512 GB SSD) AL15-41 with 39.62 cm (15.6"") Full HD Display, Metal Body, Steel Gray, 1.6 KG","26,990.00",4.0 out of 5 stars,"1,121 ratings",In stock,acer,Laptop,-40%,300+ bought in past month
"ASUS Vivobook 16, Intel Core i5-12500H, 16GB RAM, 512GB SSD, FHD+ 60Hz 300Nits, 16"", Windows 11, MS Office Home, Transparent Silver, 1.88KG, X1605ZAC-MB541WS, Fingerprint, 42Whr Battery Laptop","53,590.00",4.0 out of 5 stars,94 ratings,In stock,ASUS,Laptop,-23%,500+ bought in past month
"ASUS TUF Gaming A15, AMD Ryzen 7 7435Hs, NVIDIA Geforce RTX 3050, 16GB RAM, 512GB SSD, FHD 144Hz, 15.6"", Windows 11, Graphite Black, 2.3KG, FA506NCR-HN054W, 48WHR Gaming Laptop","67,990.00",3.9 out of 5 stars,478 ratings,In stock,ASUS,Laptop,-19%,500+ bought in past month
"Chuwi HeroBook Pro 14.1'' Intel Celeron N4020 Laptop with 8GB RAM, 256GB SSD, Windows 11, 1TB Expand, FHD IPS, Ultra Slim, USB3.0, Mini-HDMI, Webcam","16,990.00",3.5 out of 5 stars,"3,221 ratings",In stock,Chuwi,Laptop,-51%,100+ bought in past month
"Lenovo IdeaPad Slim 1 Intel® Celeron® N4020 15.6 inch (39.6cm) Thin & Light Laptop (8GB RAM/512GB SSD/Windows 11 Home/Office Home & Student 2024/1Yr ADP Free/Cloud Grey/1.54Kg), 82V700L2IN","24,185.00",2.9 out of 5 stars,4 ratings,In stock,Lenovo,Laptop,-40%,300+ bought in past month
"Lenovo V15 AMD Ryzen 7 7730U 15.6"" (39.62cm) FHD 250 Nits Antiglare Thin and Light Laptop (Free MS Office) Lifetime (16GB/512GB SSD/Windows 11/Iron Grey/1.65 Kg) 1 Year Brand Warranty, 83CRA01SIN","44,990.00",4.0 out of 5 stars,94 ratings,In stock,Lenovo,Laptop,-55%,400+ bought in past month
"Acer One 11 Intel Celeron N4500 (Windows 11 Home/ 8 GB/ 256 GB SSD) 29.64 cm (11.6"") Anti Glare HD Laptop, Z8-284, 1.1 KG, Deep Blue","19,990.00",2.9 out of 5 stars,21 ratings,In stock,acer,Laptop,-44%,50+ bought in past month
"Apple 2025 MacBook Air (15-inch, Apple M4 chip with 10-core CPU and 10-core GPU, 16GB Unified Memory, 256GB) - Midnight","1,24,900.00",Previous page,,In stock,Apple,Laptop,Not Available,Not Available
"Apple 2025 MacBook Air (15-inch, Apple M4 chip with 10-core CPU and 10-core GPU, 24GB Unified Memory, 512GB) - Sky Blue","1,64,900.00",Previous page,,In stock,Apple,Laptop,Not Available,Not Available
"Apple 2025 MacBook Air (15-inch, Apple M4 chip with 10-core CPU and 10-core GPU, 24GB Unified Memory, 512GB) - Sky Blue","1,64,900.00",Previous page,,In stock,Apple,Laptop,Not Available,Not Available
"Apple 2025 MacBook Air (15-inch, Apple M4 chip with 10-core CPU and 10-core GPU, 16GB Unified Memory, 256GB) - Midnight","1,24,900.00",Previous page,,In stock,Apple,Laptop,Not Available,Not Available
"ASUS ROG Zephyrus G16, Gaming Laptop, Intel Core Ultra 9 185H, Built-in AI, NVIDIA GeForce RTX 4070,16"" 2.5K QHD+ (40.64cm) 240Hz (32GB/1TB SSD/Win 11/Office 2021/Grey/1.85 kg), GU605MI-QP253WS","2,09,990.00",2.5 out of 5 stars,4 ratings,Only 2 left in stock.,ASUS,Laptop,-17%,Not Available
"Lenovo V15 G4 AMD Athlon Silver 7120U Laptop 8GB LPDDR5 Ram, 512 GB SSD PCIe, Windows 11/MS Office,15.6"" FHD Screen, AMD Radeon 610M, Silver, 1 Year Brand Warranty","25,990.00",2.6 out of 5 stars,9 ratings,In stock,Lenovo,Laptop,-74%,300+ bought in past month
"Acer ALG Intel Core i5-13th Gen 13420H Processor, NVIDIA GeForce RTX 3050-6GB DDR6(16 GB RAM/512GB SSD) FHD, 15.6""/39.62cm, 144Hz,Windows 11 Home, Steel Gray, 1.99kg, AL15G-53, Gaming Laptop","64,990.00",Previous page,,In stock,Acer,Laptop,-13%,Not Available
"Lenovo V15 AMD Ryzen 7 7730U 15.6"" (39.62cm) FHD 250 Nits Antiglare Thin and Light Laptop (16GB/512GB SSD/Windows 11/Iron Grey/1.65 Kg) Grey","39,990.00",4.0 out of 5 stars,94 ratings,In stock,Lenovo,Laptop,-32%,300+ bought in past month
"HP Victus, 13th Gen Intel Core i7-13620H, 8GB NVIDIA RTX 4060, 16GB DDR4, 1TB SSD (Win11, Office21, Silver, 2.29kg), 144Hz, 9MS, IPS, 15.6-inch(39.6cm), FHD Gaming Laptop, Enhanced Cooling, fa1333TX","90,990.00",3.3 out of 5 stars,20 ratings,In stock,HP,Laptop,-28%,200+ bought in past month
"Acer One 11 Intel Celeron N4500 (Windows 11 Home/ 8 GB/ 256 GB SSD) 29.64 cm (11.6"") Anti Glare HD Laptop, Z8-284, 1.1 KG, Deep Blue","19,990.00",2.9 out of 5 stars,21 ratings,In stock,acer,Laptop,-44%,50+ bought in past month
"HP Laptop 250R G9 (2024), Intel Core i3 13th Gen 1315U - (8GB/512GB SSD/Intel UHD Graphics/Windows 11 Home) Thin and Light Business Laptop/15.6"" (39.62cm)/Ash Grey/1.57 kg","31,250.00",4.1 out of 5 stars,7 ratings,In stock,HP,Laptop,-43%,200+ bought in past month
"Chuwi HeroBook Pro 14.1'' Intel Celeron N4020 Laptop with 8GB RAM, 256GB SSD, Windows 11, 1TB Expand, FHD IPS, Ultra Slim, USB3.0, Mini-HDMI, Webcam","16,990.00",3.5 out of 5 stars,"3,221 ratings",In stock,Chuwi,Laptop,-51%,100+ bought in past month
"Apple 2025 MacBook Air (15-inch, Apple M4 chip with 10-core CPU and 10-core GPU, 24GB Unified Memory, 512GB) - Silver","1,64,900.00",Previous page,,Only 2 left in stock.,Apple,Laptop,Not Available,Not Available
"Apple 2025 MacBook Air (13-inch, Apple M4 chip with 10-core CPU and 8-core GPU, 16GB Unified Memory, 256GB) - Midnight","99,900.00",3.0 out of 5 stars,2 ratings,In stock,Apple,Laptop,Not Available,Not Available
"HP 15s, 12th Gen Intel Core i3-1215U, 8GB DDR4, 512GB SSD, (Win 11, Office 21, Silver, 1.69kg) Anti-glare, Micro-edge, 15.6-inch(39.6cm) FHD laptop, Intel UHD Graphics, HD camera, Backlit KB, fq5327tu","38,490.00",4.0 out of 5 stars,"1,223 ratings",In stock,HP,Laptop,-25%,200+ bought in past month
"HP 15, AMD Ryzen 3 7320U, 8GB LPDDR5, 512GB SSD, Anti-Glare, Micro-Edge, 15.6-inch (39.6 cm), FHD, AMD Radeon Graphics, 1080p HD Camera, (Win 11, Silver, 1.59 kg), fc0154AU","30,990.00",4.0 out of 5 stars,"1,507 ratings",In stock,HP,Laptop,-33%,300+ bought in past month
"ASUS TUF Gaming A15, AMD Ryzen 7 7435Hs, NVIDIA Geforce RTX 3050, 16GB RAM, 512GB SSD, FHD 144Hz, 15.6"", Windows 11, Graphite Black, 2.3KG, FA506NCR-HN054W, 48WHR Gaming Laptop","67,990.00",3.9 out of 5 stars,478 ratings,In stock,ASUS,Laptop,-19%,500+ bought in past month
"Lenovo V15 Intel Celeron N4500 15.6"" (39.62 cm) FHD (1920x1080) Antiglare 250 Nits Thin and Light Laptop (8GB RAM/256GB SSD/Windows 11 Home/Black/1Y Onsite/1.7 kg), 82QYA00MIN","21,880.00",3.8 out of 5 stars,461 ratings,In stock,Lenovo,Laptop,-72%,200+ bought in past month
"Lenovo V15 Intel Core i7 12th Gen 15.6"" (39.62 cm) FHD (1920x1080) Antiglare 250 nits Thin and Light Laptop (16GB RAM/512GB SSD/Windows 11 Home/Iron Grey/1Y Onsite/1.7 kg), 82TTA08AIN","48,490.00",3.4 out of 5 stars,12 ratings,In stock,Lenovo,Laptop,-46%,100+ bought in past month
"Lenovo IdeaPad Slim 3 13th Gen Intel Core i7-13620H 15.6"" (39.62cm) FHDIPS300 Nits Thin&Light Laptop (16GB/512GB SSD/Intel UHDGraphics/Win11/Office Home 2024/1YrADP Free/ARCTIC-Grey/1.6Kg), 83EM00GTIN","66,690.00",4.0 out of 5 stars,827 ratings,In stock,Lenovo,Laptop,-23%,400+ bought in past month
"Acer Aspire Lite Intel Core i5-12450H Processor Premium Laptop (Windows 11 Home/16 GB RAM/1 TB SSD/54WHr) AL15-52H with 39.6cm (15.6"") FHD Display, 1.7 KG","53,990.00",Previous page,,In stock,Acer,Laptop,-23%,Not Available
"HP 255 G9 Ryzen 3 Dual Core AMD Ryzen™ 3 Processor 3250U - (8 GB/512 GB SSD/AMD Radeon Graphics) 9H237PT Thin and Light Laptop (15.6 inch, Black, 1.47 kg)","23,990.00",2.4 out of 5 stars,7 ratings,In stock,HP,Laptop,-26%,100+ bought in past month
"Apple 2025 MacBook Air (15-inch, Apple M4 chip with 10-core CPU and 10-core GPU, 24GB Unified Memory, 512GB) - Starlight","1,64,900.00",Previous page,,In stock,Apple,Laptop,Not Available,Not Available
"Apple 2025 MacBook Air (13-inch, Apple M4 chip with 10-core CPU and 8-core GPU, 16GB Unified Memory, 256GB) - Starlight","99,900.00",Previous page,,In stock,Apple,Laptop,Not Available,Not Available
"Apple 2025 MacBook Air (13-inch, Apple M4 chip with 10-core CPU and 8-core GPU, 16GB Unified Memory, 256GB) - Sky Blue","99,900.00",5.0 out of 5 stars,1 rating,In stock,Apple,Laptop,Not Available,Not Available
"Apple 2025 MacBook Air (15-inch, Apple M4 chip with 10-core CPU and 10-core GPU, 24GB Unified Memory, 512GB) - Silver","1,64,900.00",Previous page,,Only 2 left in stock.,Apple,Laptop,Not Available,Not Available
"HP 15s, 12th Gen Intel Core i3-1215U, 8GB DDR4, 512GB SSD, (Win 11, Office 21, Silver, 1.69kg) Anti-glare, Micro-edge, 15.6-inch(39.6cm) FHD laptop, Intel UHD Graphics, HD camera, Backlit KB, fq5327tu","38,490.00",4.0 out of 5 stars,"1,223 ratings",In stock,HP,Laptop,-25%,200+ bought in past month
"HP 15, 13th Gen Intel Core i3-1315U, 8GB DDR4, 512GB SSD, (Win 11, Office 21, Grey, 1.59kg), Anti-Glare, Micro-Edge,15.6-inch(39.6cm), FHD Laptop, Intel UHD Graphics, 1080p FHD Camera, fd0006TU","38,490.00",4.1 out of 5 stars,"1,939 ratings",In stock,HP,Laptop,-26%,300+ bought in past month
"HP Victus, 13th Gen Intel Core i7-13620H, 8GB NVIDIA RTX 4060, 16GB DDR4, 1TB SSD (Win11, Office21, Silver, 2.29kg), 144Hz, 9MS, IPS, 15.6-inch(39.6cm), FHD Gaming Laptop, Enhanced Cooling, fa1333TX","90,990.00",3.3 out of 5 stars,20 ratings,In stock,HP,Laptop,-28%,200+ bought in past month
"ASUS Vivobook Go 15 (2023), AMD Ryzen 5 7520U, 16GB RAM, 512GB SSD, FHD, 15.6""/39.62cm, Windows 11, MS Office 2021, Mixed Black, 1.63KG, E1504FA-NJ542WS, Alexa Built-in, Thin & Light Laptop","41,990.00",3.9 out of 5 stars,144 ratings,In stock,ASUS,Laptop,-31%,300+ bought in past month
"Acer Aspire Lite AMD Ryzen 3 5300U Premium Thin and Light Laptop (Windows 11 Home/16 GB RAM/512 GB SSD) AL15-41 with 39.62 cm (15.6"") Full HD Display, Metal Body, Steel Gray, 1.6 KG","28,990.00",4.0 out of 5 stars,"1,121 ratings",In stock,acer,Laptop,-42%,100+ bought in past month
"Acer Aspire Lite Intel Core i5-12450H Processor Premium Laptop (Windows 11 Home/16 GB RAM/1 TB SSD/54WHr) AL15-52H with 39.6cm (15.6"") FHD Display, 1.7 KG","53,990.00",Previous page,,In stock,Acer,Laptop,-23%,Not Available
"ASUS Vivobook Go 14, AMD Ryzen 3 7320U, 8GB RAM, 512GB SSD, FHD, 14""/35.56cm, Windows 11, Office 2021, Black, 1.38KG, E1404FA-NK325WS, 42WHr, Thin and Light Laptop","33,990.00",4.0 out of 5 stars,106 ratings,In stock,ASUS,Laptop,-33%,200+ bought in past month
AIR EDU11ONE Notebook/Laptop Intel N4020 4 GB RAM 128 GB SSD with Windows 11 RED,"15,490.00",5.0 out of 5 stars,3 ratings,In stock,Ewbob,Laptop,-61%,Not Available
"Apple 2024 MacBook Air (13-inch, Apple M3 chip with 8‑core CPU and 8‑core GPU, 16GB Unified Memory, 256GB) - Space Gray","1,06,990.00",5.0 out of 5 stars,6 ratings,In stock,Apple,Laptop,-7%,Not Available
"Apple 2025 MacBook Air (15-inch, Apple M4 chip with 10-core CPU and 10-core GPU, 16GB Unified Memory, 512GB) - Sky Blue","1,44,900.00",5.0 out of 5 stars,1 rating,In stock,Apple,Laptop,Not Available,Not Available
"Lenovo IdeaPad Slim 3 13th Gen Intel Core i7-13620H 15.6"" (39.62cm) FHDIPS300 Nits Thin&Light Laptop (16GB/512GB SSD/Intel UHDGraphics/Win11/Office Home 2024/1YrADP Free/ARCTIC-Grey/1.6Kg), 83EM00GTIN","66,690.00",4.0 out of 5 stars,827 ratings,In stock,Lenovo,Laptop,-23%,400+ bought in past month
"Walker Thin & Light Laptop,14.1""(4GB RAM,128GB SSD)| FHD IPS Display 1920 * 1080 Resolution | Celeron Processor N4020 (Gemini Lake)| UHD Graphics 600|Webcam | Windows 11 Home | Champagne Gold","12,990.00",3.5 out of 5 stars,101 ratings,In stock,Walker,Laptop,-57%,50+ bought in past month
"Lenovo V15 G4 (2024), AMD Ryzen 3 7320U Quad Core - (8GB/512GB SSD/AMD Radeon Graphics/Windows 11 Home) Thin and Light Business Laptop/15.6"" FHD Display/Arctic Grey/1.57 kg/MS Office 2021","27,990.00",3.8 out of 5 stars,26 ratings,In stock,Lenovo,Laptop,-72%,100+ bought in past month
"Dell Inspiron 5630 13th Gen Laptop, Intel Core i5-1340P Processor/16Gb LPDDR5/512GB /16.0"" (40.64cm) FHD+ WVA AG 250 nits/Backlit KB + FPR/Windows 11+ MSO'21/McAfee 15 Months/Platinum Silver/1.85kg","64,790.00",4.6 out of 5 stars,8 ratings,In stock,Dell,Laptop,-29%,Not Available
HP 14s Core i3 12th Gen (8GB RAM/512GB SSD/FHD/14 (35.6 cm)/ Windows 11/ MS Office 21/Backlit Keyboard/Silver/1.46kg) dq5138TU Laptop,"37,999.00",4.1 out of 5 stars,"1,214 ratings",In stock,HP,Laptop,-26%,50+ bought in past month
"Samsung Galaxy Book4 (Silver, 16GB RAM, 512GB SSD) | 15.6"" Full HD Screen | Intel Core 5 120U Processor | Windows 11 Home | MS Office 2021 | Fingerprint Reader | Intel Iris XE Graphics | RJ45 LAN Port","54,990.00",3.9 out of 5 stars,4 ratings,In stock,Samsung,Laptop,-40%,50+ bought in past month
"Lenovo IdeaPad Slim 1 AMD Ryzen 5 5500U 15.6"" HD Thin and Light Laptop (16GB/512GB SSD/Integrated AMD Graphics/Windows 11 Home/MSO 21/1Yr ADP Free/Cloud Grey/1.61Kg), 82R400ERIN","39,490.00",4.0 out of 5 stars,268 ratings,In stock,Lenovo,Laptop,-32%,500+ bought in past month
"Dell [Smartchoice] Windows 11 Home 3520 Laptop, Intel Core i3-1215U, 12Th Gen (8GB RAM /512GB SSD /Window 11 /MS Office' 21 /15.6""(39.62 Cm) FHD Display /15 Month Mcafee /Black /1.69Kg Thin & Light","34,990.00",3.7 out of 5 stars,792 ratings,In stock,Dell,Laptop,-29%,200+ bought in past month
"Apple 2025 MacBook Air (13-inch, Apple M4 chip with 10-core CPU and 8-core GPU, 16GB Unified Memory, 256GB) - Silver","99,900.00",4.2 out of 5 stars,4 ratings,Only 1 left in stock.,Apple,Laptop,Not Available,Not Available
"Apple 2025 MacBook Air (13-inch, Apple M4 chip with 10-core CPU and 8-core GPU, 16GB Unified Memory, 256GB) - Midnight","99,900.00",3.0 out of 5 stars,2 ratings,In stock,Apple,Laptop,Not Available,Not Available
"Apple 2025 MacBook Air (15-inch, Apple M4 chip with 10-core CPU and 10-core GPU, 16GB Unified Memory, 256GB) - Midnight","1,24,900.00",Previous page,,In stock,Apple,Laptop,Not Available,Not Available
"Apple 2025 MacBook Air (15-inch, Apple M4 chip with 10-core CPU and 10-core GPU, 24GB Unified Memory, 512GB) - Starlight","1,64,900.00",Previous page,,In stock,Apple,Laptop,Not Available,Not Available
"Acer Predator Helios Neo 16 Gaming Laptop Intel Core i7-14700HX Processor, RTX 4050-6GB GDDR6, WUXGA Display, 400 nits, 165Hz Refresh Rate (Win 11 Home/16 GB/1 TB SSD) - PHN16-72 with 40.64 cm (16"")","1,14,990.00",4.2 out of 5 stars,68 ratings,In stock,acer,Laptop,-30%,Not Available
"ASUS Vivobook Go 15 (2023), AMD Ryzen 5 7520U, 16GB RAM, 512GB SSD, FHD, 15.6""/39.62cm, Windows 11, MS Office 2021, Mixed Black, 1.63KG, E1504FA-NJ542WS, Alexa Built-in, Thin & Light Laptop","41,990.00",3.9 out of 5 stars,144 ratings,In stock,ASUS,Laptop,-31%,300+ bought in past month
"Samsung Galaxy Book4 (Silver, 16GB RAM, 512GB SSD) | 15.6"" Full HD Screen | Intel Core 5 120U Processor | Windows 11 Home | MS Office 2021 | Fingerprint Reader | Intel Iris XE Graphics | RJ45 LAN Port","54,990.00",3.9 out of 5 stars,4 ratings,In stock,Samsung,Laptop,-40%,50+ bought in past month
"HP 15, 13th Gen Intel Core i3-1315U, 8GB DDR4, 512GB SSD, (Win 11, Office 21, Grey, 1.59kg), Anti-Glare, Micro-Edge,15.6-inch(39.6cm), FHD Laptop, Intel UHD Graphics, 1080p FHD Camera, fd0006TU","38,490.00",4.1 out of 5 stars,"1,939 ratings",In stock,HP,Laptop,-26%,300+ bought in past month
AIR EDU11ONE Notebook/Laptop Intel N4020 4 GB RAM 128 GB SSD with Windows 11 RED,"15,490.00",5.0 out of 5 stars,3 ratings,In stock,Ewbob,Laptop,-61%,Not Available
"HP Spectre x360 AI Laptop, Intel Ultra 7 155H, 12 TOPS, 32GB DDR5, 2TB SSD, (Win 11, Office 21, Black, 2kg), Touchscreen, 2.8K, OLED, 16-inch(40.6cm), Intel Arc graphics, 9MP camera, Backlit, aa0665TU","1,87,990.00",4.2 out of 5 stars,9 ratings,In stock,HP,Laptop,-11%,Not Available
"HP Victus, AMD Ryzen 5 5600H, NVIDIA RTX 3050, 16GB DDR4, 512GB SSD (Win11, Office21, Blue, 2.37kg) 144Hz, 9MS, IPS, 15.6-inch(39.6cm) Gaming Laptop, Backlit kb, Enhanced Cooling, fb0106AX/Fb0112AX","61,990.00",4.1 out of 5 stars,235 ratings,In stock,HP,Laptop,-15%,300+ bought in past month
"FUTOPIA Ultimus PRO Intel Dual Core ~2.4GHz (4 GB/128 GB EMMC Storage/Windows 11 Home) NU14U3CNC43BN-MB Thin and Light Laptop (14 Inch, Gray, 1.2 kg)","12,990.00",3.7 out of 5 stars,29 ratings,In stock,FUTOPIA,Laptop,-48%,Not Available
"Apple 2025 MacBook Air (15-inch, Apple M4 chip with 10-core CPU and 10-core GPU, 24GB Unified Memory, 512GB) - Silver","1,64,900.00",Previous page,,In stock,Apple,Laptop,Not Available,Not Available
"Apple 2025 MacBook Air (13-inch, Apple M4 chip with 10-core CPU and 8-core GPU, 16GB Unified Memory, 256GB) - Midnight","99,900.00",3.0 out of 5 stars,2 ratings,In stock,Apple,Laptop,Not Available,Not Available
STRIFF Adjustable Laptop Tabletop Stand Patented Riser Ventilated Portable Foldable Compatible with MacBook Notebook Tablet Tray Desk Table Book with Free Phone Stand (Black),249,4.3 out of 5 stars,"38,633 ratings",In stock,STRIFF,Laptop,-83%,5K+ bought in past month
"Apple 2024 MacBook Pro Laptop with M4 Pro chip with 14‑core CPU and 20‑core GPU: Built for Apple Intelligence, (14.2″) Liquid Retina XDR Display, 24GB Unified Memory, 1TB SSD Storage; Silver","2,29,990.00",3.0 out of 5 stars,3 ratings,In stock,Apple,Laptop,-4%,Not Available
Lenovo V15 Intel Celeron n4500 FHD 15.6 inch Laptop / 8GB DDR4 Ram and 256GB NVME SSD/Intel UHD Graphics/Windows 11 & MS-Office/Privacy Shutter/Black / 1.6kg / 1 Year Brand Warranty,"22,740.00",4.4 out of 5 stars,4 ratings,In stock,Lenovo,Laptop,-75%,Not Available
"Lenovo LOQ 2024, Intel Core i7-13650HX, 13th Gen, NVIDIA RTX 4060-8GB, 24GB RAM, 512GB SSD, FHD 144Hz, 15.6""/39.6cm, Windows 11, MS Office 21, Grey, 2.4Kg, 83DV00LXIN, 1Yr ADP Free Gaming Laptop","1,00,190.00",3.7 out of 5 stars,41 ratings,In stock,Lenovo,Laptop,-28%,50+ bought in past month
"Lenovo IdeaPad Slim 1 AMD Ryzen 5 5500U 15.6"" HD Thin and Light Laptop (16GB/512GB SSD/Integrated AMD Graphics/Windows 11 Home/MSO 21/1Yr ADP Free/Cloud Grey/1.61Kg), 82R400ERIN","39,490.00",4.0 out of 5 stars,268 ratings,In stock,Lenovo,Laptop,-32%,500+ bought in past month
Lenovo IdeaPad 3 14 Inch FHD Laptop (12th Gen Intel Core i3-1215U/8GB/512GB SSD/Win 11/Office 2021/Backlit KB/1Yr ADP Free/3months Game Pass/Arctic Grey/1.43Kg),"28,891.00",Previous page,,Only 1 left in stock.,Lenovo,Laptop,Not Available,Not Available
"Apple 2024 MacBook Pro Laptop with M4 Pro chip with 12‑core CPU and 16‑core GPU: Built for Apple Intelligence, (14.2″) Liquid Retina XDR Display, 24GB Unified Memory, 512GB SSD Storage; Space Black","1,91,990.00",5.0 out of 5 stars,5 ratings,In stock,Apple,Laptop,-4%,50+ bought in past month
"Lenovo V15 G4 AMD Athlon Silver 7120U Laptop 8GB LPDDR5 Ram, 512 GB SSD PCIe, Windows 11 Lifetime Validity,15.6"" FHD Screen, AMD Radeon 610M, Silver, 1 Year Brand Warranty","24,990.00",3.9 out of 5 stars,133 ratings,In stock,Lenovo,Laptop,-34%,50+ bought in past month
"Apple 2025 MacBook Air (13-inch, Apple M4 chip with 10-core CPU and 8-core GPU, 16GB Unified Memory, 256GB) - Starlight","99,900.00",Previous page,,In stock,Apple,Laptop,Not Available,Not Available
"Apple 2025 MacBook Air (13-inch, Apple M4 chip with 10-core CPU and 8-core GPU, 16GB Unified Memory, 256GB) - Silver","99,900.00",4.2 out of 5 stars,4 ratings,Only 1 left in stock.,Apple,Laptop,Not Available,Not Available
"iPhone 16e 128 GB: Built for Apple Intelligence, A18 Chip, Supersized Battery Life, 48MP Fusion. Camera, 15.40 cm (6.1″) Super Retina XDR Display; Black","56,790.00",4.1 out of 5 stars,51 ratings,In stock,Apple,SmartPhone,-5%,500+ bought in past month
Apple iPhone 15 (128 GB) - Black,"61,400.00",4.5 out of 5 stars,"3,253 ratings",In stock,Apple,SmartPhone,-23%,5K+ bought in past month
"Nothing Phone (2a) 5G (Black, 8GB RAM, 128GB Storage) | 6.7"" AMOLED Display | 50MP (OIS) + 50 MP | 32 MP Front | Mediatek Dimensity 7200 Pro Processor | Glyph Interface | 45 W Charging 100% in 59 mins","19,489.00",4.2 out of 5 stars,215 ratings,In stock,Nothing,SmartPhone,-25%,2K+ bought in past month
CMF BY NOTHING Phone 1 5G (128 GB) (8 GB RAM) (Black),"15,499.00",4.1 out of 5 stars,179 ratings,In stock,CMF BY NOTHING,SmartPhone,-30%,1K+ bought in past month
"Samsung Galaxy M35 5G (Daybreak Blue,6GB RAM,128GB Storage)| Corning Gorilla Glass Victus+| AnTuTu Score 595K+ | Vapour Cooling Chamber | 6000mAh Battery | 120Hz Super AMOLED Display| Without Charger","16,998.00",4.1 out of 5 stars,"8,097 ratings",In stock,Samsung,SmartPhone,-31%,5K+ bought in past month
CMF BY NOTHING Phone 1 5G (128 GB) (6 GB RAM) (Black),"14,259.00",4.1 out of 5 stars,362 ratings,In stock,CMF BY NOTHING,SmartPhone,-29%,2K+ bought in past month
Apple iPhone 15 (128 GB) - Blue,"61,400.00",4.5 out of 5 stars,"3,253 ratings",In stock,Apple,SmartPhone,-23%,3K+ bought in past month
"Samsung Galaxy M05 (Mint Green, 4GB RAM, 64 GB Storage) | 50MP Dual Camera | Bigger 6.7"" HD+ Display | 5000mAh Battery | 25W Fast Charging | 2 Gen OS Upgrade & 4 Year Security Update | Without Charger","6,498.00",4.0 out of 5 stars,"2,557 ratings",In stock,Samsung,SmartPhone,-35%,2K+ bought in past month
POCO C61 Ethereal Blue 4GB RAM 64GB ROM,"5,799.00",3.9 out of 5 stars,563 ratings,In stock,POCO,SmartPhone,-36%,5K+ bought in past month
"Nothing Phone (3A) 5G (Black, 8GB RAM, 256GB Storage)","26,700.00",4.1 out of 5 stars,15 ratings,In stock,Not Available,SmartPhone,-11%,Not Available
"Xiaomi 15 (Black, 12GB RAM, 512GB Storage)","30,998",Previous page,,Not Available,Xiaomi,SmartPhone,Not Available,Not Available
"iPhone 16 Pro Max 256 GB: 5G Mobile Phone with Camera Control, 4K 120 fps Dolby Vision and a Huge Leap in Battery Life. Works with AirPods; Natural Titanium","1,37,900.00",4.3 out of 5 stars,166 ratings,,Apple,SmartPhone,-5%,200+ bought in past month
"Samsung Galaxy A05 (Silver, 6GB, 128GB Storage) | 50 MP Main Camera | Upto 12GB RAM with RAM Plus | MediaTek Helio G85 | 5000 mAh Battery","9,000.00",3.8 out of 5 stars,337 ratings,In stock,Samsung,SmartPhone,-40%,1K+ bought in past month
"realme NARZO N61 (Voyage Blue,6GB RAM+128GB Storage) 90Hz Eye Comfort Display | IP54 Dust & Water Resistance | 48-Month Fluency | Charger in The Box","8,498.00",4.0 out of 5 stars,"2,478 ratings",In stock,realme,SmartPhone,-23%,3K+ bought in past month
"Redmi 14C 5G (Starlight Blue, 6GB RAM, 128GB Storage) | Superfast 4nm Snapdragon 4 Gen 2 | 120Hz 17.47cm (6.88”) Display | 5160mAh Battery | 50MP Dual Camera | Premium Starlight Design","11,999.00",3.8 out of 5 stars,280 ratings,In stock,Redmi,SmartPhone,-20%,2K+ bought in past month
"Motorola Edge 50 Fusion 5G (Marshmallow Blue, 12GB RAM, 256GB Storage)","24,130.00",3.9 out of 5 stars,469 ratings,Only 1 left in stock.,Motorola,SmartPhone,-14%,2K+ bought in past month
"Nothing Phone 2a 5G (White, 8GB RAM, 128GB Storage)","19,799.00",4.3 out of 5 stars,128 ratings,In stock,Nothing,SmartPhone,-24%,Not Available
"Samsung Galaxy M35 5G (Daybreak Blue,8GB RAM,256GB Storage)| Corning Gorilla Glass Victus+| AnTuTu Score 595K+ | Vapour Cooling Chamber | 6000mAh Battery | 120Hz Super AMOLED Display| Without Charger","21,498.00",4.1 out of 5 stars,"8,097 ratings",In stock,Samsung,SmartPhone,-22%,2K+ bought in past month
Nothing Phone (3a) 5G (8GB RAM + 128GB Storage) (White),"25,818.00",3.3 out of 5 stars,3 ratings,In stock,Not Available,SmartPhone,-8%,Not Available
POCO C61 Mystical Green 4GB RAM 64GB ROM,"5,799.00",4.0 out of 5 stars,230 ratings,In stock,POCO,SmartPhone,-36%,5K+ bought in past month
"iPhone 16 128 GB: 5G Mobile Phone with Camera Control, A18 Chip and a Big Boost in Battery Life. Works with AirPods; White","74,400.00",4.4 out of 5 stars,448 ratings,In stock,Apple,SmartPhone,-7%,500+ bought in past month
"iPhone 16 Plus 128 GB: 5G Mobile Phone with Camera Control, A18 Chip and a Big Boost in Battery Life. Works with AirPods; White","83,400.00",4.4 out of 5 stars,215 ratings,In stock,Apple,SmartPhone,-7%,100+ bought in past month
"iPhone 16e 128 GB: Built for Apple Intelligence, A18 Chip, Supersized Battery Life, 48MP Fusion. Camera, 15.40 cm (6.1″) Super Retina XDR Display; Black","56,790.00",4.1 out of 5 stars,51 ratings,In stock,Apple,SmartPhone,-5%,500+ bought in past month
"iPhone 16 Plus 128 GB: 5G Mobile Phone with Camera Control, A18 Chip and a Big Boost in Battery Life. Works with AirPods; Black","82,900.00",4.4 out of 5 stars,215 ratings,In stock,Apple,SmartPhone,-8%,200+ bought in past month
POCO C61 Mystical Green 4GB RAM 64GB ROM,"5,799.00",4.0 out of 5 stars,230 ratings,In stock,POCO,SmartPhone,-36%,5K+ bought in past month
"Motorola G45 5G (Brilliant Blue, 8GB RAM, 128GB Storage)","12,180.00",4.1 out of 5 stars,301 ratings,In stock,Motorola,SmartPhone,-19%,4K+ bought in past month
"realme NARZO N65 5G (Amber Gold 8GB RAM, 128GB Storage) India's 1st D6300 5G Chipset | Ultra Slim Design | 120Hz Eye Comfort Display | 50MP AI Camera| Charger in The Box","13,498.00",4.1 out of 5 stars,"2,784 ratings",In stock,realme,SmartPhone,-16%,5K+ bought in past month
"CMF by Nothing Phone 1 5G (Blue, 6GB RAM, 128GB Storage) | Expandable Upto 2 TB | 50MP+2MP | 16MP Front Camera | Dimensity 7300 5G Processor | 6.67 AMOLED Display | 33W Fast Charging | Designed 2 Last","14,499.00",4.2 out of 5 stars,172 ratings,In stock,CMF BY NOTHING,SmartPhone,-28%,500+ bought in past month
"iQOO Z7 Pro 5G (Blue Lagoon, 8GB RAM, 256GB Storage) | 3D Curved AMOLED Display | 4nm MediaTek Dimesity 7200 5G Processor | 64MP Aura Light OIS Camera | Segment's Slimmest & Lightest Smartphone","19,499.00",4.4 out of 5 stars,"15,762 ratings",In stock,iQOO,SmartPhone,-30%,2K+ bought in past month
"realme NARZO N61 (Voyage Blue,4GB RAM+64GB Storage) 90Hz Eye Comfort Display | IP54 Dust & Water Resistance | 48-Month Fluency | Charger in The Box","7,498.00",4.0 out of 5 stars,"2,478 ratings",In stock,realme,SmartPhone,-17%,5K+ bought in past month
"OnePlus Nord CE4 Lite 5G (Ultra Orange, 8GB RAM, 128GB Storage)","17,998.00",4.1 out of 5 stars,"5,419 ratings",In stock,OnePlus,SmartPhone,-14%,2K+ bought in past month
"iQOO Z9 Lite 5G (Mocha Brown, 6GB RAM, 128GB Storage) | Dimensity 6300 5G | 50MP Sony AI Camera | Charger in The Box","11,498.00",4.1 out of 5 stars,"3,987 ratings",In stock,iQOO,SmartPhone,-26%,5K+ bought in past month
"Xiaomi 15 (Green, 12GB RAM, 512GB Storage)","30,998",Previous page,,Not Available,Xiaomi,SmartPhone,Not Available,Not Available
Apple iPhone 15 Plus (128 GB) - Yellow,"74,900.00",4.6 out of 5 stars,"1,349 ratings",In stock,Apple,SmartPhone,-6%,100+ bought in past month
"OnePlus Nord CE4 Lite 5G (Super Silver, 8GB RAM, 128GB Storage)","17,998.00",4.1 out of 5 stars,"5,419 ratings",In stock,OnePlus,SmartPhone,-14%,5K+ bought in past month
"Samsung Galaxy A05 (Black, 6GB, 128GB Storage) | 50 MP Main Camera | Upto 12GB RAM with RAM Plus | MediaTek Helio G85 | 5000 mAh Battery","8,986.00",3.8 out of 5 stars,337 ratings,In stock,Samsung,SmartPhone,-40%,2K+ bought in past month
"Samsung Galaxy M35 5G (Thunder Grey,8GB RAM,256GB Storage)| Corning Gorilla Glass Victus+| AnTuTu Score 595K+ | Vapour Cooling Chamber | 6000mAh Battery | 120Hz Super AMOLED Display| Without Charger","21,498.00",4.1 out of 5 stars,"8,097 ratings",In stock,Samsung,SmartPhone,-22%,1K+ bought in past month
CMF BY NOTHING Phone 1 5G (128 GB) (8 GB RAM) (Light Green),"15,499.00",3.9 out of 5 stars,129 ratings,In stock,CMF BY NOTHING,SmartPhone,-30%,500+ bought in past month
"Samsung Galaxy M06 5G (Sage Green, 6GB RAM, 128 GB Storage) | MediaTek Dimensity 6300 | AnTuTu Score 422K+ | 12 5G Bands| 25W Fast Charging | 4 Gen. of OS Upgrades | Without Charger","10,698.00",3.7 out of 5 stars,10 ratings,In stock,Samsung,SmartPhone,-31%,Not Available
"Vivo V50 5G (Rose Red, 8GB RAM, 256GB Storage) with No Cost EMI/Additional Exchange Offers","36,999.00",4.2 out of 5 stars,145 ratings,In stock,VIVO,SmartPhone,-14%,1K+ bought in past month
"OnePlus Nord CE4 (Dark Chrome, 8GB RAM, 256GB Storage)","24,997.00",4.2 out of 5 stars,"7,979 ratings",In stock,OnePlus,SmartPhone,-7%,5K+ bought in past month
"Redmi A4 5G (Starry Black, 4GB RAM, 64GB Storage) | Global Debut SD 4s Gen 2 | Segment Largest 6.88in 120Hz | 50MP Dual Camera | 18W Fast Charging","8,499.00",4.0 out of 5 stars,"2,220 ratings",In stock,Redmi,SmartPhone,-23%,5K+ bought in past month
Apple iPhone 15 (256 GB) - Pink,"72,400.00",4.5 out of 5 stars,"3,253 ratings",In stock,Apple,SmartPhone,-9%,200+ bought in past month
"iPhone 16 Pro 128 GB: 5G Mobile Phone with Camera Control, 4K 120 fps Dolby Vision and a Huge Leap in Battery Life. Works with AirPods; Black Titanium","1,12,900.00",4.3 out of 5 stars,185 ratings,In stock,Apple,SmartPhone,-6%,200+ bought in past month
"iPhone 16 256 GB: 5G Mobile Phone with Camera Control, A18 Chip and a Big Boost in Battery Life. Works with AirPods; Pink","83,900.00",4.4 out of 5 stars,449 ratings,In stock,Apple,SmartPhone,-7%,100+ bought in past month
"iPhone 16 Plus 128 GB: 5G Mobile Phone with Camera Control, A18 Chip and a Big Boost in Battery Life. Works with AirPods; Pink","83,400.00",4.4 out of 5 stars,215 ratings,In stock,Apple,SmartPhone,-7%,100+ bought in past month
"Vivo V50 5G (Rose Red, 8GB RAM, 256GB Storage) with No Cost EMI/Additional Exchange Offers","36,999.00",4.2 out of 5 stars,145 ratings,In stock,VIVO,SmartPhone,-14%,1K+ bought in past month
"OnePlus Nord CE4 Lite 5G (Super Silver, 8GB RAM, 256GB Storage)","20,998.00",4.1 out of 5 stars,"5,420 ratings",In stock,OnePlus,SmartPhone,-13%,1K+ bought in past month
"OnePlus Nord CE4 (Dark Chrome, 8GB RAM, 256GB Storage)","24,997.00",4.2 out of 5 stars,"7,979 ratings",In stock,OnePlus,SmartPhone,-7%,5K+ bought in past month
"OnePlus 13R | Smarter AI (16GB RAM, 512GB Storage Nebula Noir)","47,998.00",4.3 out of 5 stars,970 ratings,In stock,OnePlus,SmartPhone,-8%,1K+ bought in past month
"Redmi A4 5G (Sparkle Purple, 4GB RAM, 64GB Storage) | Global Debut SD 4s Gen 2 | Segment Largest 6.88in 120Hz | 50MP Dual Camera | 18W Fast Charging","8,499.00",4.0 out of 5 stars,"2,220 ratings",In stock,Redmi,SmartPhone,-23%,5K+ bought in past month
"Samsung Galaxy M35 5G (Thunder Grey,6GB RAM,128GB Storage)| Corning Gorilla Glass Victus+| AnTuTu Score 595K+ | Vapour Cooling Chamber | 6000mAh Battery | 120Hz Super AMOLED Display| Without Charger","16,998.00",4.1 out of 5 stars,"8,097 ratings",In stock,Samsung,SmartPhone,-31%,5K+ bought in past month
"Redmi 13 5G, Hawaiian Blue, 8GB+128GB | India Debut SD 4 Gen 2 AE | 108MP Pro Grade Camera | 6.79in Largest Display in Segment","13,899.00",4.0 out of 5 stars,"3,614 ratings",Only 1 left in stock.,Redmi,SmartPhone,-31%,1K+ bought in past month
"Samsung Galaxy A26 5G (Awesome Mint, 8GB, 128GB) | Awesome Intelligence - AI Smartphone: Circle to Search, My Filter, Object Eraser | 50MP Triple Camera | IP67","24,999.00",4.0 out of 5 stars,2 ratings,In stock,Samsung,SmartPhone,-11%,Not Available
"iPhone 16 Pro 256 GB: 5G Mobile Phone with Camera Control, 4K 120 fps Dolby Vision and a Huge Leap in Battery Life. Works with AirPods; White Titanium","1,22,900.00",4.3 out of 5 stars,185 ratings,In stock,Apple,SmartPhone,-5%,100+ bought in past month
Apple iPhone 15 (128 GB) - Pink,"61,400.00",4.5 out of 5 stars,"3,253 ratings",In stock,Apple,SmartPhone,-12%,5K+ bought in past month
"Samsung Galaxy S24 FE 5G AI Smartphone (Graphite, 8GB RAM, 128GB Storage)","41,699.00",4.1 out of 5 stars,33 ratings,In stock,Samsung,SmartPhone,-31%,1K+ bought in past month
"realme NARZO N61 (Marble Black,6GB RAM+128GB Storage) 90Hz Eye Comfort Display | IP54 Dust & Water Resistance | 48-Month Fluency | Charger in The Box","8,499.00",4.0 out of 5 stars,"2,479 ratings",In stock,realme,SmartPhone,-23%,1K+ bought in past month
"iQOO Z9 Lite 5G (Aqua Flow, 6GB RAM, 128GB Storage) | Dimensity 6300 5G | 50MP Sony AI Camera | Charger in The Box","11,498.00",4.1 out of 5 stars,"3,987 ratings",In stock,iQOO,SmartPhone,-26%,5K+ bought in past month
"OnePlus Nord 4 5G (Mercurial Silver, 8GB RAM, 256GB Storage)","29,998.00",4.2 out of 5 stars,"3,052 ratings",In stock,OnePlus,SmartPhone,-9%,2K+ bought in past month
"OPPO F27 Pro+ 5G (Midnight Navy, 8GB RAM, 256GB Storage) | 6.7"" FHD+ AMOLED Toughest 3D Curved Display|64MP AI Featured Camera|IP69 | 67W SUPERVOOC| with No Cost EMI/Additional Exchange Offers","27,999.00",4.0 out of 5 stars,609 ratings,In stock,Oppo,SmartPhone,-20%,200+ bought in past month
"Redmi 13 5G, Orchid Pink, 6GB+128GB | India Debut SD 4 Gen 2 AE | 108MP Pro Grade Camera | 6.79in Largest Display in Segment","12,399.00",4.0 out of 5 stars,"3,614 ratings",Not Available,Redmi,SmartPhone,Not Available,Not Available
"Samsung Galaxy M06 5G (Blazing Black, 6GB RAM, 128 GB Storage) | MediaTek Dimensity 6300 | AnTuTu Score 422K+ | 12 5G Bands | 25W Fast Charging | 4 Gen. of OS Upgrades | Without Charger","10,698.00",3.7 out of 5 stars,10 ratings,In stock,Samsung,SmartPhone,-31%,Not Available
"OnePlus Nord CE4 (Celadon Marble, 8GB RAM, 256GB Storage)","24,997.00",4.2 out of 5 stars,"7,979 ratings",In stock,OnePlus,SmartPhone,-7%,3K+ bought in past month
"iPhone 16 Pro Max 256 GB: 5G Mobile Phone with Camera Control, 4K 120 fps Dolby Vision and a Huge Leap in Battery Life. Works with AirPods; Natural Titanium","1,37,900.00",4.3 out of 5 stars,166 ratings,,Apple,SmartPhone,-5%,200+ bought in past month
"Samsung Galaxy M16 5G (Thunder Black, 8GB RAM, 128 GB Storage) | MediaTek Dimensity 6300 | AnTuTu Score 422K+ | Super Amoled Display | 25W Fast Charging | 6 Gen. of OS Upgrades | Without Charger","14,498.00",4.1 out of 5 stars,12 ratings,In stock,Samsung,SmartPhone,-24%,Not Available
"Xiaomi 15 (Black, 12GB RAM, 512GB Storage)","30,998",Previous page,,Not Available,Xiaomi,SmartPhone,Not Available,Not Available
"iPhone 16 Pro 128 GB: 5G Mobile Phone with Camera Control, 4K 120 fps Dolby Vision and a Huge Leap in Battery Life. Works with AirPods; Black Titanium","1,12,900.00",4.3 out of 5 stars,185 ratings,In stock,Apple,SmartPhone,-6%,200+ bought in past month
"Vivo V50 5G (Rose Red, 8GB RAM, 256GB Storage) with No Cost EMI/Additional Exchange Offers","36,999.00",4.2 out of 5 stars,145 ratings,In stock,VIVO,SmartPhone,-14%,1K+ bought in past month
"Redmi A3X (Ocean Green, 4GB RAM, 128GB Storage) | Premium Halo Design | 90Hz Display | Powerful Octa Core Processor","7,499.00",3.8 out of 5 stars,355 ratings,In stock,Redmi,SmartPhone,-32%,500+ bought in past month
"Samsung Galaxy A05 (Light Green, 6GB, 128GB Storage) | 50 MP Main Camera | Upto 12GB RAM with RAM Plus | MediaTek Helio G85 | 5000 mAh Battery","9,000.00",3.8 out of 5 stars,338 ratings,In stock,Samsung,SmartPhone,-40%,2K+ bought in past month
"realme 13 5G (Dark Purple, 8GB RAM, 128GB Storage) | Expandable Upto 2TB | Up to 18GB Dynamic RAM | 50MP AI Dual Camera | 6.72"" AMOLED Display | 45W Ultra Charging | Dimensity 6300 Processor","15,949.00",4.2 out of 5 stars,30 ratings,In stock,realme,SmartPhone,-28%,500+ bought in past month
"Redmi A4 5G (Starry Black, 4GB RAM, 128GB Storage) | Global Debut SD 4s Gen 2 | Segment Largest 6.88in 120Hz | 50MP Dual Camera | 18W Fast Charging","9,499.00",4.0 out of 5 stars,"2,220 ratings",In stock,Redmi,SmartPhone,-21%,5K+ bought in past month
"OPPO F27 Pro+ 5G (Midnight Navy, 8GB RAM, 256GB Storage) | 6.7"" FHD+ AMOLED Toughest 3D Curved Display|64MP AI Featured Camera|IP69 | 67W SUPERVOOC| with No Cost EMI/Additional Exchange Offers","27,999.00",4.0 out of 5 stars,609 ratings,In stock,Oppo,SmartPhone,-20%,200+ bought in past month
"OnePlus Nord CE4 Lite 5G (Mega Blue, 8GB RAM, 128GB Storage)","17,998.00",4.1 out of 5 stars,"5,420 ratings",In stock,OnePlus,SmartPhone,-14%,5K+ bought in past month
"OnePlus Nord 4 5G (Obsidian Midnight, 8GB RAM, 256GB Storage)","29,998.00",4.2 out of 5 stars,"3,052 ratings",In stock,OnePlus,SmartPhone,-9%,4K+ bought in past month
Apple iPhone 13 (128GB) - Blue,"43,999.00",4.5 out of 5 stars,"33,261 ratings",In stock,Apple,SmartPhone,-27%,500+ bought in past month
"Samsung Galaxy M35 5G (Thunder Grey,6GB RAM,128GB Storage)| Corning Gorilla Glass Victus+| AnTuTu Score 595K+ | Vapour Cooling Chamber | 6000mAh Battery | 120Hz Super AMOLED Display| Without Charger","16,998.00",4.1 out of 5 stars,"8,097 ratings",In stock,Samsung,SmartPhone,-31%,5K+ bought in past month
"OnePlus Nord 4 5G (Mercurial Silver, 8GB RAM, 256GB Storage)","29,998.00",4.2 out of 5 stars,"3,052 ratings",In stock,OnePlus,SmartPhone,-9%,2K+ bought in past month
"Redmi A3X (Ocean Green, 3GB RAM, 64GB Storage) | Premium Halo Design | 90Hz Display | Powerful Octa Core Processor","6,199.00",3.8 out of 5 stars,355 ratings,In stock,Redmi,SmartPhone,-38%,500+ bought in past month
"Samsung Galaxy S24 FE 5G AI Smartphone (Graphite, 8GB RAM, 128GB Storage)","41,699.00",4.1 out of 5 stars,33 ratings,In stock,Samsung,SmartPhone,-31%,1K+ bought in past month
"Lava O3 (Glossy White, 3 GB RAM, 64 GB Storage) | Biggest 6.75"" HD+ Display | 13MP AI Dual Rear Camera | 5000 mAh Battery | Secure Face Unlock | Fingerprint Reader | Charger & Phone-Cover in Box","5,798.00",3.8 out of 5 stars,301 ratings,In stock,Lava,SmartPhone,-13%,500+ bought in past month
Apple iPhone 13 (128GB) - Blue,"43,999.00",4.5 out of 5 stars,"33,261 ratings",In stock,Apple,SmartPhone,-27%,500+ bought in past month
"Oppo K12x 5G with 45W SUPERVOOC Charger in-The-Box (Breeze Blue, 128 GB) (6 GB RAM)","12,335.00",4.1 out of 5 stars,67 ratings,In stock,Oppo,SmartPhone,-27%,1K+ bought in past month
"Redmi 13 5G, Hawaiian Blue, 8GB+128GB | India Debut SD 4 Gen 2 AE | 108MP Pro Grade Camera | 6.79in Largest Display in Segment","13,899.00",4.0 out of 5 stars,"3,614 ratings",Only 1 left in stock.,Redmi,SmartPhone,-31%,1K+ bought in past month
"Vivo Y19e (Majestic Green, 4GB RAM, 64GB Storage) with No Cost EMI/Additional Exchange Offers | with Charger","7,999.00",Previous page,,In stock,VIVO,SmartPhone,-33%,Not Available
"iPhone 16e 128 GB: Built for Apple Intelligence, A18 Chip, Supersized Battery Life, 48MP Fusion. Camera, 15.40 cm (6.1″) Super Retina XDR Display; Black","56,790.00",4.1 out of 5 stars,51 ratings,In stock,Apple,SmartPhone,-5%,500+ bought in past month
"Samsung Galaxy M16 5G (Mint Green, 6GB RAM, 128 GB Storage) | MediaTek Dimensity 6300 | AnTuTu Score 422K+ | Super Amoled Display | 25W Fast Charging | 6 Gen. of OS Upgrades | Without Charger","12,998.00",4.1 out of 5 stars,12 ratings,In stock,Samsung,SmartPhone,-26%,Not Available
"boAt Rockerz 450 Pro Bluetooth On Ear Headphones with Mic with 70 Hours Battery, 40Mm Drivers, Bluetooth V5.0 Padded Ear Cushions, Easy Access Controls and Voice Assistant(Luscious Black)","1,529.00",4.0 out of 5 stars,"19,244 ratings",In stock,boAt,HeadPhones,-62%,1K+ bought in past month
"Boult Q Over Ear Bluetooth Headphones with 70H Playtime, 40mm Bass Drivers, Zen™ ENC Mic, Type-C Fast Charging, 4 EQ Modes, Bluetooth 5.4, AUX Option, Easy Controls, IPX5 Wireless Headphones (Beige)","1,999.00",4.2 out of 5 stars,"1,939 ratings",In stock,Boult,HeadPhones,-67%,2K+ bought in past month
"Sony WH-CH720N Noise Cancellation Wireless Bluetooth Over Ear Headphones with Mic, Up to 35Hrs Battery- Black","8,735.00",4.3 out of 5 stars,"9,730 ratings",In stock,Sony,HeadPhones,-42%,500+ bought in past month
"Oneplus Bullets Z2 Bluetooth Wireless in Ear Earphones with Mic, Bombastic Bass - 12.4 mm Drivers, 10 Mins Charge - 20 Hrs Music, 30 Hrs Battery Life, IP55 Dust and Water Resistant (Magico Black)","1,299.00",4.1 out of 5 stars,"188,638 ratings",In stock,OnePlus,HeadPhones,-43%,30K+ bought in past month
"boAt Rockerz 425 Bluetooth Wireless On Ear Headphones Signature Sound, Enx Tech, ASAP Charge, 25H Playtime, Bluetooth V5.2, Dual Pairing with Mic (Ash Grey)","1,199.00",3.6 out of 5 stars,"3,528 ratings",In stock,boAt,HeadPhones,-60%,1K+ bought in past month
"Sony WH-CH520 Wireless Bluetooth Headphones with Mic, Up to 50Hrs Battery-Black","4,490.00",4.1 out of 5 stars,"18,329 ratings",In stock,Sony,HeadPhones,-25%,1K+ bought in past month
"JBL Tune 510BT, On Ear Wireless Headphones with Mic, up to 40 Hours Playtime, Pure Bass, Quick Charging, Dual Pairing, Bluetooth 5.0 & Voice Assistant Support for Mobile Phones (Black)","2,799.00",4.0 out of 5 stars,"19,660 ratings",In stock,JBL,HeadPhones,-37%,1K+ bought in past month
"ZEBRONICS THUNDER Bluetooth 5.3 Wireless Headphones with 60H Backup, Gaming Mode, Dual Pairing, ENC, AUX, Micro SD, Voice assistant, Comfortable Earcups, Call Function(Black)",749,3.8 out of 5 stars,"76,195 ratings",In stock,ZEBRONICS,HeadPhones,-38%,2K+ bought in past month
"Zebronics Zeb-Storm Wired Headphone with 3.5mm Jack, Built in Microphone for Calling, 1.5 Meter Cable, Soft Ear Cushion, Adjustable Headband, Foldable Ear Cups and Lightweight Design (Black)",399,3.6 out of 5 stars,"3,034 ratings",In stock,ZEBRONICS,HeadPhones,-50%,1K+ bought in past month
"boAt Rockerz 450, 15 HRS Battery, 40mm Drivers, Padded Ear Cushions, Integrated Controls, Dual Modes, On Ear Bluetooth Headphones, Wireless Headphone with Mic (Hazel Beige)","1,599.00",4.0 out of 5 stars,"116,257 ratings",In stock,boAt,HeadPhones,-60%,1K+ bought in past month
"truke Newly Launched BTG 500 Over The Ear Gaming Headphone with 40mm Drivers, 10H of Playtime, Dual Pairing, Gaming Mode (50ms Latency) with RGB LEDs, TF Card with Volume Control, BT 5.4 (Sky Blue)",999,4.4 out of 5 stars,170 ratings,In stock,truke,HeadPhones,-60%,400+ bought in past month
"Srhythm NC25 Hybrid Noise Cancelling Headphones Over Ear, Wireless Bluetooth 5.3, 50H Playtime, Low Latency, Transparency Mode","5,699.00",4.3 out of 5 stars,"14,641 ratings",In stock,Srhythm,HeadPhones,-43%,50+ bought in past month
boAt Bassheads 100 in Ear Wired Earphones with Mic(Black),299,4.1 out of 5 stars,"416,595 ratings",In stock,boAt,HeadPhones,-70%,5K+ bought in past month
"boAt New Launch Rockerz 650 Pro, Touch/Swipe Controls, Dolby Audio, 80Hrs Battery, 2Mics ENx, Fast Charge, App Support, Dual Pair, Bluetooth Headphones, Wireless Headphone with Mic (Iris Black)","2,499.00",4.4 out of 5 stars,91 ratings,In stock,boAt,HeadPhones,-72%,Not Available
"Sony WH-CH520 Wireless Bluetooth Headphones with Mic, Up to 50Hrs Battery-Blue","4,400.00",4.1 out of 5 stars,"18,329 ratings",In stock,Sony,HeadPhones,-27%,1K+ bought in past month
"boAt Bassheads 900 Pro Wired Headphones with 40Mm Drivers, Lightweight Foldable Design, Over Ear, Remote Control, Unidirectional Retractable Mic, Adjustable Headband & USB Type-A Compatibility(Black)",899,4.2 out of 5 stars,"98,369 ratings",In stock,boAt,HeadPhones,-82%,4K+ bought in past month
"boAt Rockerz 110/Rockerz 109 Wireless Neckband with Up to 60 hrs Playtime, Dual Device Pairing, ENx Tech, Beast Mode, ASAP Charging, BTv5.3,IPX5,Type-C Interface & Magnetic Power Buds(Fern Green)",699,3.5 out of 5 stars,109 ratings,In stock,boAt,HeadPhones,-72%,3K+ bought in past month
"JBL C100SI Wired In Ear Headphones with Mic, JBL Pure Bass Sound, One Button Multi-function Remote, Premium Metallic Finish, Angled Buds for Comfort fit (Black)",599,4.1 out of 5 stars,"198,342 ratings",In stock,JBL,HeadPhones,-54%,5K+ bought in past month
"Sennheiser HD 350BT Wireless Bluetooth Over The Ear Headphone with Mic, Desgined in Germany, 30h Battery, 2 Yr Warranty (Black)","5,990.00",4.3 out of 5 stars,"3,457 ratings",In stock,Sennheiser,HeadPhones,-33%,Not Available
"ZEBRONICS Thunder Bluetooth 5.3 Wireless Over Ear Headphones with 60H Backup, Gaming Mode, Dual Pairing, Enc, Aux, Micro Sd, Voice Assistant, Comfortable Earcups, Call Function (Sea Green)",699,3.8 out of 5 stars,"76,195 ratings",In stock,ZEBRONICS,HeadPhones,-50%,1K+ bought in past month
"HAMMER Bash Max Over The Ear Wireless Bluetooth Headphones with Mic, Touch Control, Deep Bass, Upto 40 Hours Playtime, Bluetooth 5.3, Workout/Travel (Apricot)","2,299.00",3.7 out of 5 stars,"3,182 ratings",In stock,HAMMER,HeadPhones,-72%,100+ bought in past month
"boAt Rockerz 480 w/RGB LEDs, 6 Light Modes, 40mm Drivers, Beast Mode, 60hrs Playback, ENx Tech, BT v5.3, Adaptive Fit & Easy Access Controls, Bluetooth Headphones(Black Sabre)","1,499.00",3.9 out of 5 stars,472 ratings,In stock,boAt,HeadPhones,-60%,2K+ bought in past month
"Boult Q Over Ear Bluetooth Headphones with 70H Playtime, 40mm Bass Drivers, Zen™ ENC Mic, Type-C Fast Charging, 4 EQ Modes, Bluetooth 5.4, AUX Option, Easy Controls, IPX5 Wireless Headphones (Beige)","1,999.00",4.2 out of 5 stars,"1,939 ratings",In stock,Boult,HeadPhones,-67%,2K+ bought in past month
"HAMMER Bash 2.0 Over The Ear Wireless Bluetooth Headphones with Mic, Deep Bass, Foldable Headphones, Upto 8 Hours Playtime, Workout/Travel, Bluetooth 5.0 (Grey)","1,799.00",3.7 out of 5 stars,"3,182 ratings",In stock,HAMMER,HeadPhones,-78%,50+ bought in past month
boAt Bassheads 100 in Ear Wired Earphones with Mic(Black),299,4.1 out of 5 stars,"416,595 ratings",In stock,boAt,HeadPhones,-70%,5K+ bought in past month
"Boult Q Over Ear Bluetooth Headphones with 70H Playtime, 40mm Bass Drivers, Zen™ ENC Mic, Type-C Fast Charging, 4 EQ Modes, Bluetooth 5.4, AUX Option, Easy Controls, IPX5 Wireless Headphones (Black)","1,999.00",4.2 out of 5 stars,"1,939 ratings",In stock,Boult,HeadPhones,-67%,3K+ bought in past month
"ZEBRONICS Bro in Ear Wired Earphones with Mic, 3.5mm Audio Jack, 10mm Drivers, Phone/Tablet Compatible (Green)",139,3.5 out of 5 stars,"57,877 ratings",In stock,ZEBRONICS,HeadPhones,-65%,5K+ bought in past month
"boAt Rockerz 550 Bluetooth Wireless Over Ear Headphones with Upto 20 Hours Playback, 50MM Drivers, Soft Padded Ear Cushions and Physical Noise Isolation with Mic (Black Symphony)","1,599.00",4.0 out of 5 stars,"41,696 ratings",In stock,boAt,HeadPhones,-68%,1K+ bought in past month
"boAt Rockerz 450, 15 HRS Battery, 40mm Drivers, Padded Ear Cushions, Integrated Controls, Dual Modes, On Ear Bluetooth Headphones, Wireless Headphone with Mic (Luscious Black)","1,599.00",4.0 out of 5 stars,"116,257 ratings",In stock,boAt,HeadPhones,-60%,5K+ bought in past month
"boAt Rockerz 480 w/RGB LEDs, 6 Light Modes, 40mm Drivers, Beast Mode, 60hrs Playback, ENx Tech, BT v5.3, Adaptive Fit & Easy Access Controls, Bluetooth Headphones(Black Sabre)","1,499.00",3.9 out of 5 stars,472 ratings,In stock,boAt,HeadPhones,-60%,2K+ bought in past month
"soundcore by Anker,Space One,Active Noise Cancelling in Ear Headphones,2X Stronger Voice Reduction,40H ANC Playtime,App Control,Ldac Hi-Res Wireless Audio,Comfortable Fit,Clear Calls,Bluetooth 5.3","8,499.00",4.3 out of 5 stars,"3,220 ratings",In stock,soundcore,HeadPhones,-43%,100+ bought in past month
"boAt Rockerz 430 w/ 40mm Drivers, Beast Mode w/ 40ms Latency, 40hrs Playback, ENx Tech, Voice Assistant, BTv5.4, Adaptive Fit & Easy Access Controls, Bluetooth Over Ear Headphones(Black Sabre)","1,199.00",3.1 out of 5 stars,829 ratings,In stock,boAt,HeadPhones,-52%,2K+ bought in past month
"boAt Rockerz 450 Pro Bluetooth On Ear Headphones with Mic with 70 Hours Battery, 40Mm Drivers, Bluetooth V5.0 Padded Ear Cushions, Easy Access Controls and Voice Assistant(Luscious Black)","1,529.00",4.0 out of 5 stars,"19,244 ratings",In stock,boAt,HeadPhones,-62%,1K+ bought in past month
"truke Newly Launched BTG 500 Over The Ear Gaming Headphone with 40mm Drivers, 10H of Playtime, Dual Pairing, Gaming Mode (50ms Latency) with RGB LEDs, TF Card with Volume Control, BT 5.4 (Sky Blue)",999,4.4 out of 5 stars,170 ratings,In stock,truke,HeadPhones,-60%,400+ bought in past month
Sony MDR-ZX310AP Wired Headphones with Mic for Calls- Black,949,3.9 out of 5 stars,790 ratings,Available to ship in 1-2 days,Sony,HeadPhones,-57%,1K+ bought in past month
"boAt Rockerz 255 Pro+, 60HRS Battery, Fast Charge, IPX7, Dual Pairing, Low Latency, Magnetic Earbuds, in Ear Bluetooth Neckband, Wireless with Mic Earphones (Teal Green)",999,4.0 out of 5 stars,"49,286 ratings",In stock,boAt,HeadPhones,-75%,5K+ bought in past month
"soundcore by Anker Q20i Wireless Bluetooth Over-Ear Headphones with Hybrid Active Noise Cancelling, 40h Playtime in ANC Mode, Hi-Res Audio, Deep Bass, Personalization via App (Black)","4,499.00",4.3 out of 5 stars,"26,103 ratings",In stock,soundcore,HeadPhones,-53%,1K+ bought in past month
"boAt Rockerz 425 Bluetooth Wireless Over Ear Headphones with Mic Signature Sound, Beast Mode for Gaming, Enx Tech, ASAP Charge, 25H Playtime, Bluetooth V5.2 (Active Black)","1,199.00",3.6 out of 5 stars,"3,528 ratings",In stock,boAt,HeadPhones,-60%,2K+ bought in past month
"ZEBRONICS Aeon Wireless Over Ear Headphone with 110H Battery Backup, Supports Bluetooth & Aux, Gaming Mode, Enc, Dual Pairing, Rapid Charging (Beige)",999,3.2 out of 5 stars,349 ratings,In stock,ZEBRONICS,HeadPhones,-70%,200+ bought in past month
"Sennheiser Hd 560S Over-The-Ear Wired Audiophile Over Ear Headphones-Neutral Frequency Response,Lifelike Sound with Open-Back Design,Wide Soundstage,Natural&Accurate Sound for Gamers,Detachable Cable","12,990.00",4.6 out of 5 stars,"2,679 ratings",In stock,Sennheiser,HeadPhones,-38%,Not Available
"Bose New QuietComfort Ultra Wireless Noise Cancelling Headphones with Spatial Audio, Over-The-Ear Headphones with Mic, Up to 24 Hours of Battery Life, White Smoke","35,000.00",4.3 out of 5 stars,"5,754 ratings",In stock,Bose,HeadPhones,-3%,50+ bought in past month
"JBL Tune 770NC Wireless Over Ear ANC Headphones with Mic, Upto 70 Hrs Battery, Speed Charge : 5 min Charge Gives up to 3H of Playback, Google Fast Pair, Dual Pairing, BT 5.3 (Black)","5,999.00",4.0 out of 5 stars,"18,991 ratings",In stock,JBL,HeadPhones,-40%,500+ bought in past month
"JBL Live 770NC True Adaptive Noise Cancellation Headphones Wireless Over Ear, Multipoint Connect, 65Hrs Battery, Speed Charge : 5min Charge Gives up to 4H of Playback, Spatial Sound, BT 5.3 (Black)","9,999.00",4.2 out of 5 stars,818 ratings,In stock,JBL,HeadPhones,-33%,100+ bought in past month
"boAt Rockerz 480 w/RGB LEDs, 6 Light Modes, 40mm Drivers, Beast Mode, 60hrs Playback, ENx Tech, BT v5.3, Adaptive Fit & Easy Access Controls, Bluetooth Headphones(Black Sabre)","1,499.00",3.9 out of 5 stars,472 ratings,In stock,boAt,HeadPhones,-60%,2K+ bought in past month
"Boult X Mustang Newly Launched Q Over Ear Bluetooth Headphones with 70H Playtime, 40mm Bass Drivers, Zen™ ENC Mic, Type-C Fast Charging, 4 EQ Modes, Bluetooth 5.4, AUX Option, IPX5 Wireless Headphones","2,499.00",4.2 out of 5 stars,"1,939 ratings",In stock,Boult,HeadPhones,-64%,1K+ bought in past month
"HAMMER Bash 2.0 Over The Ear Wireless Bluetooth Headphones with Mic, Deep Bass, Foldable Headphones, Upto 8 Hours Playtime, Workout/Travel, Bluetooth 5.0 (Grey)","1,799.00",3.7 out of 5 stars,"3,182 ratings",In stock,HAMMER,HeadPhones,-78%,50+ bought in past month
"JBL Tune 770NC Wireless Over Ear ANC Headphones with Mic, Upto 70 Hrs Battery, Speed Charge : 5 min Charge Gives up to 3H of Playback, Google Fast Pair, Dual Pairing, BT 5.3 (Black)","5,999.00",4.0 out of 5 stars,"18,991 ratings",In stock,JBL,HeadPhones,-40%,500+ bought in past month
"ZEBRONICS Duke Wireless Headphone with Up to 60h Backup, Supports Bluetooth, Dual Pairing, Gaming Mode, Environmental Noise Cancellation (ENC), LED Lights, Deep Bass, Voice Assistant Support (Black)",999,3.8 out of 5 stars,"14,632 ratings",In stock,ZEBRONICS,HeadPhones,-60%,1K+ bought in past month
"ZEBRONICS Thunder Over Ear Bluetooth 5.3 Wireless Headphones with 60H Backup, Gaming Mode, Dual Pairing, Enc, Aux, Micro Sd, Voice Assistant, Comfortable Earcups, Call Function (Brown)",699,3.8 out of 5 stars,"76,195 ratings",In stock,ZEBRONICS,HeadPhones,-50%,500+ bought in past month
"boAt Rockerz 450, 15 HRS Battery, 40mm Drivers, Padded Ear Cushions, Integrated Controls, Dual Modes, Bluetooth Headphones, Wireless Headphone with Mic (Aqua Blue)","1,599.00",4.0 out of 5 stars,"116,257 ratings",In stock,Not Available,HeadPhones,-60%,2K+ bought in past month
"Sennheiser Momentum 4 Wireless Over Ear Headphones, Bluetooth Adaptive Noise Cancelling-ANC & Customizable Sound, 4 Digital Mics for Crystal-Clear Calls,60h Battery, 2 Yr Warranty, Denim","24,990.00",4.4 out of 5 stars,"8,388 ratings",In stock,Sennheiser,HeadPhones,-29%,Not Available
"Zebronics Jet PRO Premium Wired Gaming On Ear Headphone with LED for Headband + earcups, 40mm Neodymium Drivers, 2 Meter Braided Cable, with mic, Suspension Design, 3.5mm + USB Connector (Black, Blue)",899,4.0 out of 5 stars,"2,408 ratings",In stock,ZEBRONICS,HeadPhones,-53%,500+ bought in past month
"Noise Two Wireless On-Ear Headphones with 50 Hours Playtime, Low Latency(up to 40ms), 4 Play Modes, Dual Pairing, BT v5.3 (Bold Black)","1,499.00",3.5 out of 5 stars,"3,127 ratings",In stock,Noise,HeadPhones,-70%,1K+ bought in past month
"Sony ULT Wear WH-ULT900N Noise Cancellation Wireless Bluetooth Over Ear Headphones with Massive Bass, Up to 50Hrs Battery-Black","16,990.00",4.3 out of 5 stars,"1,311 ratings",In stock,Sony,HeadPhones,-32%,200+ bought in past month
"truke Newly Launched BTG 500 Over The Ear Gaming Headphone with 40mm Drivers, 10H of Playtime, Dual Pairing, Gaming Mode (50ms Latency) with RGB LEDs, TF Card with Volume Control, BT 5.4 (Sky Blue)",999,4.4 out of 5 stars,170 ratings,In stock,truke,HeadPhones,-60%,400+ bought in past month
"HAMMER Bash Pro 33 dB Hybrid ANC Over Ear Wireless Headphones, 4 Mics for Clear Calling, Charge 10mins = 300mins playtime, 40mm Driver, Transparency Mode, 37Hrs Playtime, Super soft Cushion, 5.3 Black","3,999.00",3.7 out of 5 stars,52 ratings,In stock,HAMMER,HeadPhones,-67%,Not Available
"boAt Rockerz 550 Bluetooth Wireless Over Ear Headphones with Mic Upto 20 Hours Playback, 50MM Drivers, Soft Padded Ear Cushions and Physical Noise Isolation (Red)","1,599.00",4.1 out of 5 stars,"25,181 ratings",In stock,boAt,HeadPhones,-68%,500+ bought in past month
"Sony WH-CH720N Noise Cancellation Wireless Bluetooth Over Ear Headphones with Mic, Up to 50Hrs Battery- Blue","9,800.00",4.3 out of 5 stars,"9,730 ratings",In stock,Sony,HeadPhones,-35%,50+ bought in past month
"boAt Rockerz 460 Wireless Over Ear Headphones w/Up to 30hrs Playtime, 40mm Drivers, Beast™ Mode, ENx™, Dual Pairing, BT v5.2, Instant Voice Assistant, Adaptive Fit(Active Black)","1,199.00",4.0 out of 5 stars,311 ratings,In stock,boAt,HeadPhones,-52%,1K+ bought in past month
"Sennheiser HD 450BT (ANC) Bluetooth 5.0 Wireless Over Ear Headphone with Mic, Designed in Germany, Alexa Built-in - Active Noise Cancellation, 30h Battery,Fast Charging, Foldable, 2Yr WARRANTY - Black","8,490.00",3.6 out of 5 stars,"7,155 ratings",In stock,Sennheiser,HeadPhones,-43%,50+ bought in past month
"boAt Rockerz 450 Pro Bluetooth Wireless On Ear Headphones with Mic with 70 Hours Battery, 40Mm Drivers, Bluetooth V5.0 Padded Ear Cushions, Easy Access Controls and Voice Assistant (White Purity)","1,529.00",4.0 out of 5 stars,"19,244 ratings",In stock,boAt,HeadPhones,-62%,400+ bought in past month
"realme Buds Wireless 3 Neo in Ear Bluetooth Neckband with 13.4 Mm Dynamic Bass Boost Driver,Upto 32 Hours Playback,Fast Charge, Ai Enc,45Ms Low Latency,Ip55 Dust&Water Resistannt&Bluetooth V 5.4,Blue","1,099.00",4.2 out of 5 stars,"17,868 ratings",In stock,realme,HeadPhones,-56%,2K+ bought in past month
"soundcore by Anker Q20i Wireless Bluetooth Over-Ear Headphones with Hybrid Active Noise Cancelling, 40h Playtime in ANC Mode, Hi-Res Audio, Deep Bass, App Personalization (Blue)","4,999.00",4.3 out of 5 stars,"26,103 ratings",In stock,soundcore,HeadPhones,-31%,300+ bought in past month
"ZEBRONICS Thunder Bluetooth 5.3 Wireless Over Ear Headphones with 60H Backup, Gaming Mode, Dual Pairing, Enc, Aux, Micro Sd, Voice Assistant, Comfortable Earcups, Call Function (Teal Green)",699,3.8 out of 5 stars,"76,195 ratings",In stock,ZEBRONICS,HeadPhones,-59%,500+ bought in past month
"boAt Rockerz 480 w/RGB LEDs, 6 Light Modes, 40mm Drivers, Beast Mode, 60hrs Playback, ENx Tech, BT v5.3, Adaptive Fit & Easy Access Controls, Bluetooth Headphones(Black Sabre)","1,499.00",3.9 out of 5 stars,472 ratings,In stock,boAt,HeadPhones,-60%,2K+ bought in past month
"boAt Rockerz 450 Pro Bluetooth On Ear Headphones with Mic with 70 Hours Battery, 40Mm Drivers, Bluetooth V5.0 Padded Ear Cushions, Easy Access Controls and Voice Assistant(Luscious Black)","1,529.00",4.0 out of 5 stars,"19,244 ratings",In stock,boAt,HeadPhones,-62%,1K+ bought in past month
"Boult Q Over Ear Bluetooth Headphones with 70H Playtime, 40mm Bass Drivers, Zen™ ENC Mic, Type-C Fast Charging, 4 EQ Modes, Bluetooth 5.4, AUX Option, Easy Controls, IPX5 Wireless Headphones (Beige)","1,999.00",4.2 out of 5 stars,"1,939 ratings",In stock,Boult,HeadPhones,-67%,2K+ bought in past month
"truke Newly Launched BTG Thunder Over The Ear Gaming Headphone with 70H of Playtime, 40mm Titanium Drivers, Dual Pairing Headset, Gaming Mode (40ms Latency) with RGB LEDs, Detachable Mic, BT 5.4-Blue","1,299.00",4.9 out of 5 stars,58 ratings,In stock,truke,HeadPhones,-57%,Not Available
"Noise Airwave Max 4 Wireless Over-Ear Headphones with 70H Playtime, ENC, 40mm Driver, Low Latency(up to 40ms), Dual Pairing, BT v5.4 (Calm Beige)","2,499.00",3.8 out of 5 stars,"1,440 ratings",In stock,Noise,HeadPhones,-58%,1K+ bought in past month
"realme Buds Wireless 3 Neo in Ear Bluetooth Neckband with 13.4 Mm Dynamic Bass Boost Driver,Upto 32 Hours Playback,Fast Charge, Ai Enc,45Ms Low Latency,Ip55 Dust&Water Resistannt&Bluetooth V 5.4,Blue","1,099.00",4.2 out of 5 stars,"17,868 ratings",In stock,realme,HeadPhones,-56%,2K+ bought in past month
"soundcore by Anker Q20i Wireless Bluetooth Over-Ear Headphones with Hybrid Active Noise Cancelling, 40h Playtime in ANC Mode, Hi-Res Audio, Deep Bass, App Personalization (Blue)","4,999.00",4.3 out of 5 stars,"26,103 ratings",In stock,soundcore,HeadPhones,-31%,300+ bought in past month
"ZEBRONICS Duke Wireless Bluetooth Over Ear Headphone with Upto 60h Backup, Dual Pairing, Gaming Mode, Environmental Noise Cancellation (ENC), LED Lights, Deep Bass, Voice Assistant Support (Beige)",999,3.8 out of 5 stars,"14,632 ratings",In stock,ZEBRONICS,HeadPhones,-55%,200+ bought in past month
"Boult X Mustang Newly Launched Q Over Ear Bluetooth Headphones with 70H Playtime, 40mm Bass Drivers, Zen™ ENC Mic, Type-C Fast Charging, 4 EQ Modes, Bluetooth 5.4, AUX Option, IPX5 Wireless Headphones","2,499.00",4.2 out of 5 stars,"1,939 ratings",In stock,Boult,HeadPhones,-64%,1K+ bought in past month
"JBL Tune 510BT, On Ear Wireless Headphones with Mic, up to 40 Hours Playtime, Pure Bass, Quick Charging, Dual Pairing, Bluetooth 5.0 & Voice Assistant Support for Mobile Phones (Blue)","2,799.00",4.0 out of 5 stars,"2,048 ratings",In stock,JBL,HeadPhones,-38%,500+ bought in past month
"OnePlus Bullets Z2 Bluetooth Wireless in Ear Earphones with Mic, Bombastic Bass - 12.4 Mm Drivers, 10 Mins Charge - 20 Hrs Music, 30 Hrs Battery Life (Beam Blue)","1,299.00",4.1 out of 5 stars,"188,638 ratings",In stock,OnePlus,HeadPhones,-43%,4K+ bought in past month
"boAt Rockerz 430, 40mm Drivers, Beast Mode (40ms Latency), 40hrs Playback, ENx Tech, Voice Assistant, BTv5.4, Adaptive Fit & Easy Access Controls, Bluetooth Over Ear Headphones(Bold Blue)","1,199.00",3.1 out of 5 stars,829 ratings,In stock,boAt,HeadPhones,-52%,1K+ bought in past month
"HAMMER Bash 2.0 Over The Ear Wireless Bluetooth Headphones with Mic, Deep Bass, Foldable Headphones, Upto 8 Hours Playtime, Workout/Travel, Bluetooth 5.0 (Grey)","1,799.00",3.7 out of 5 stars,"3,182 ratings",In stock,HAMMER,HeadPhones,-78%,50+ bought in past month
"truke Newly Launched BTG 500 Over The Ear Gaming Headphone with 40mm Drivers, 10H of Playtime, Dual Pairing, Gaming Mode (50ms Latency) with RGB LEDs, TF Card with Volume Control, BT 5.4 (Sky Blue)",999,4.4 out of 5 stars,170 ratings,In stock,truke,HeadPhones,-60%,400+ bought in past month
"boAt BassHeads 100 C Wired Earphones with Type-C Jack, in-Line Microphone, 10mm Drivers, Signature Sound, Integrated Controls & Multi-OS Compatibility(Navy Blue)",549,4.1 out of 5 stars,"416,595 ratings",In stock,boAt,HeadPhones,-72%,3K+ bought in past month
"Sony ULT Wear WH-ULT900N Noise Cancellation Wireless Bluetooth Over Ear Headphones with Massive Bass, Up to 50Hrs Battery-Black","16,990.00",4.3 out of 5 stars,"1,311 ratings",In stock,Sony,HeadPhones,-32%,200+ bought in past month
"JBL Quantum 100 Wired Over Ear Gaming Headphones with Mic, 40mm Realistic Dynamic Drivers, Detachable Boom Mic, 1kHz Sensitivity, Memory Foam Cushioning, PC/Mobile/PS/Xbox/Nintendo/VR Compatible-Black","2,249.00",3.9 out of 5 stars,"15,342 ratings",In stock,JBL,HeadPhones,-44%,500+ bought in past month
"Noise Two Wireless On-Ear Headphones with 50 Hours Playtime, Low Latency(up to 40ms), 4 Play Modes, Dual Pairing, BT v5.3 (Calm White)","1,499.00",3.5 out of 5 stars,"3,127 ratings",In stock,Noise,HeadPhones,-70%,500+ bought in past month
"OnePlus Bullets Wireless Z2 ANC Bluetooth in Ear Earphones with Mic, 45dB Hybrid ANC, Bombastic Bass - 12.4 mm Drivers, 10 Mins Charge - 20 Hrs Music, 28 Hrs Battery (Booming Black)","1,799.00",4.1 out of 5 stars,"188,638 ratings",In stock,OnePlus,HeadPhones,-40%,9K+ bought in past month
"Boult Q Over Ear Bluetooth Headphones with 70H Playtime, 40mm Bass Drivers, Zen™ ENC Mic, Type-C Fast Charging, 4 EQ Modes, Bluetooth 5.4, AUX Option, Easy Controls, IPX5 Wireless Headphones (Beige)","1,999.00",4.2 out of 5 stars,"1,939 ratings",In stock,Boult,HeadPhones,-67%,2K+ bought in past month
"Sennheiser HD 599 Special Edition Wired Headphones, Over Ear Audiophile Headphones with E.A.R. Technology for Wide Sound Field, Open-Back Earcups, Detachable Cable (Black) Without Mic","8,990.00",4.5 out of 5 stars,"13,972 ratings",In stock,Sennheiser,HeadPhones,-57%,Not Available
Sennheiser HD 400s Over Ear Wired Headphones with Mic (Black),"4,490.00",4.1 out of 5 stars,"4,126 ratings",In stock,Sennheiser,HeadPhones,-25%,100+ bought in past month
"boAt Rockerz 480 w/RGB LEDs, 6 Light Modes, 40mm Drivers, Beast Mode, 60hrs Playback, ENx Tech, BT v5.3, Adaptive Fit & Easy Access Controls, Bluetooth Headphones(Black Sabre)","1,499.00",3.9 out of 5 stars,472 ratings,In stock,boAt,HeadPhones,-60%,2K+ bought in past month
"Redmi Buds 6, Dual Driver TWS in Ear Earbuds, 49dB Hybrid Active Noise Cancellation, Spatial Audio, Dual Device Connection, Quad Mic AI ENC, 42 Hrs Playtime, Custom EQ, Wireless Earbuds (Black)","2,999.00",3.9 out of 5 stars,276 ratings,In stock,Redmi,HeadPhones,-40%,400+ bought in past month
